Mine_10_S, 2.0, 4.0, 5.0, 6.0, 6.0, 7.0, 8.0, 9.0, 12.0, 15.0
CyberShake_S, 0.07, 0.19, 0.63, 0.73, 0.74, 0.78, 0.8, 0.85, 1.1, 1.36, 1.36, 1.42, 1.43, 1.53, 1.53, 23.99, 24.56, 26.46, 28.67, 31.05, 32.29, 36.27, 38.49, 39.06, 45.6, 47.44, 54.87, 62.25, 96.91, 158.1
Montage_S, 0.45, 0.72, 1.39, 1.42, 3.03, 3.86, 10.37, 10.39, 10.49, 10.51, 10.51, 10.59, 10.59, 10.62, 10.64, 10.76, 10.81, 10.83, 10.88, 10.93, 13.36, 13.39, 13.6, 13.78, 13.83
Sipht_S, 0.0, 0.0, 0.1, 0.99, 1.0, 1.05, 1.06, 1.1, 1.32, 1.36, 1.43, 1.45, 1.46, 1.46, 1.47, 1.51, 1.51, 1.62, 1.63, 1.76, 1.81, 2.27, 4.7, 6.63, 49.65, 58.21, 307.17, 763.23, 1488.84, 1597.92
Epigenomics_S, 0.05, 2.36, 3.06, 3.26, 3.54, 4.03, 4.25, 4.72, 5.02, 5.16, 5.91, 7.01, 8.15, 8.23, 9.25, 11.89, 17.23, 103.52, 1375.22, 2425.31, 2830.54, 3196.4, 3623.08, 4062.96
Mine_35_S, 2.0, 3.0, 3.0, 3.0, 3.0, 3.0, 3.0, 4.0, 4.0, 6.0, 6.0, 7.0, 7.0, 7.0, 8.0, 8.0, 8.0, 8.0, 8.0, 9.0, 9.0, 10.0, 10.0, 10.0, 12.0, 12.0, 13.0, 13.0, 14.0, 14.0, 15.0, 18.0, 18.0, 18.0, 20.0
Inspiral_S, 4.85, 4.93, 4.98, 5.26, 5.26, 5.35, 5.43, 5.61, 5.77, 17.57, 17.62, 17.75, 17.83, 17.97, 18.05, 18.23, 255.61, 305.7, 332.09, 344.11, 350.25, 365.16, 418.39, 510.37, 519.19, 535.21, 594.63, 612.78, 626.38, 674.74
Montage_M, 1.22, 2.24, 3.2, 4.2, 4.75, 4.88, 10.28, 10.31, 10.36, 10.41, 10.42, 10.47, 10.48, 10.49, 10.51, 10.51, 10.53, 10.54, 10.54, 10.54, 10.56, 10.56, 10.56, 10.56, 10.59, 10.6, 10.6, 10.62, 10.63, 10.64, 10.65, 10.65, 10.66, 10.68, 10.68, 10.69, 10.69, 10.7, 10.71, 10.74, 10.78, 10.99, 13.08, 13.17, 13.31, 13.43, 13.48, 13.55, 13.6, 13.6
CyberShake_M, 0.17, 0.24, 0.68, 0.77, 0.77, 0.88, 0.99, 1.01, 1.03, 1.21, 1.25, 1.28, 1.29, 1.3, 1.31, 1.32, 1.36, 1.37, 1.38, 1.4, 1.44, 1.54, 1.56, 1.57, 23.13, 29.64, 36.65, 37.83, 39.3, 39.7, 39.9, 41.4, 41.72, 42.76, 43.73, 44.4, 46.22, 49.37, 50.96, 54.24, 55.11, 57.97, 59.57, 61.21, 64.06, 64.21, 73.14, 90.56, 124.68, 185.98
Inspiral_M, 4.89, 4.89, 4.94, 4.95, 4.95, 5.06, 5.13, 5.21, 5.26, 5.28, 5.29, 5.32, 5.34, 5.68, 17.46, 17.95, 18.05, 18.06, 18.1, 18.17, 18.19, 18.27, 18.29, 18.4, 18.63, 18.81, 244.47, 271.31, 285.03, 300.19, 378.0, 381.21, 381.65, 393.45, 430.23, 470.14, 472.41, 475.5, 477.44, 483.32, 494.07, 495.09, 542.77, 560.33, 616.34, 636.81, 641.92, 662.65, 687.76, 689.29
Epigenomics_M, 0.05, 1.23, 1.45, 1.58, 1.68, 1.71, 1.82, 1.89, 2.24, 2.36, 2.4, 2.45, 2.54, 2.59, 3.0, 3.1, 3.17, 3.37, 3.57, 4.22, 5.23, 5.48, 5.51, 5.68, 5.82, 8.67, 8.72, 9.13, 11.09, 11.17, 11.18, 13.12, 15.02, 25.53, 28.3, 44.45, 1633.96, 2322.34, 2701.07, 2946.16, 3730.73, 3780.17, 4269.66, 4488.47, 4560.56, 4700.76, 6007.38
Sipht_M, 0.0, 0.0, 0.0, 0.0, 0.05, 0.05, 0.7, 0.75, 0.88, 0.89, 0.95, 0.98, 1.05, 1.07, 1.12, 1.13, 1.13, 1.17, 1.17, 1.17, 1.18, 1.18, 1.21, 1.21, 1.24, 1.26, 1.3, 1.3, 1.31, 1.33, 1.34, 1.38, 1.41, 1.41, 1.43, 1.46, 1.46, 1.49, 1.52, 1.59, 1.59, 1.66, 1.67, 2.2, 4.08, 5.15, 5.17, 6.37, 29.63, 32.99, 45.9, 67.18, 221.3, 245.43, 987.53, 1065.08, 1263.92, 1285.05, 2074.14, 3000.99
Montage_L, 0.83, 4.96, 5.34, 6.91, 7.63, 9.6, 10.35, 10.4, 10.41, 10.43, 10.45, 10.46, 10.46, 10.47, 10.47, 10.48, 10.48, 10.49, 10.49, 10.49, 10.49, 10.51, 10.51, 10.53, 10.53, 10.54, 10.54, 10.55, 10.55, 10.55, 10.56, 10.56, 10.57, 10.57, 10.57, 10.58, 10.58, 10.58, 10.58, 10.59, 10.59, 10.59, 10.6, 10.61, 10.61, 10.61, 10.61, 10.61, 10.62, 10.64, 10.64, 10.64, 10.64, 10.65, 10.65, 10.65, 10.66, 10.66, 10.66, 10.67, 10.67, 10.67, 10.69, 10.69, 10.69, 10.72, 10.72, 10.72, 10.73, 10.73, 10.74, 10.74, 10.74, 10.74, 10.75, 10.77, 10.77, 10.78, 10.79, 10.86, 10.88, 10.9, 10.91, 10.96, 13.11, 13.16, 13.17, 13.25, 13.3, 13.36, 13.42, 13.55, 13.57, 13.58, 13.62, 13.63, 13.65, 13.7, 13.81, 13.85
CyberShake_L, 0.34, 0.58, 0.65, 0.66, 0.66, 0.69, 0.7, 0.74, 0.74, 0.76, 0.79, 0.8, 0.83, 0.84, 0.95, 0.96, 0.97, 0.98, 1.0, 1.0, 1.0, 1.03, 1.03, 1.09, 1.09, 1.1, 1.15, 1.16, 1.17, 1.17, 1.18, 1.19, 1.21, 1.25, 1.3, 1.32, 1.32, 1.34, 1.35, 1.35, 1.35, 1.42, 1.43, 1.48, 1.5, 1.56, 1.57, 22.23, 22.29, 25.13, 25.37, 25.71, 25.73, 26.62, 28.8, 29.46, 34.01, 34.04, 34.97, 35.14, 37.34, 38.14, 38.81, 39.25, 39.64, 40.02, 40.33, 40.74, 42.2, 42.25, 42.55, 44.4, 45.99, 48.48, 48.95, 49.77, 49.95, 51.79, 51.92, 52.32, 52.41, 54.78, 54.89, 55.21, 55.84, 56.9, 58.2, 58.23, 59.5, 60.35, 63.54, 63.8, 83.96, 110.2, 123.15, 154.45, 171.53, 171.91, 199.03, 203.78
Inspiral_L, 4.25, 4.27, 4.35, 4.52, 4.61, 4.66, 4.67, 4.71, 4.89, 4.91, 4.92, 5.06, 5.14, 5.14, 5.16, 5.2, 5.21, 5.21, 5.25, 5.27, 5.32, 5.34, 5.38, 5.44, 5.46, 5.46, 5.48, 5.65, 5.68, 5.82, 17.34, 17.72, 17.85, 17.91, 17.99, 18.0, 18.06, 18.1, 18.18, 18.24, 18.29, 18.35, 18.35, 18.36, 18.41, 18.46, 18.68, 18.73, 18.73, 18.84, 18.96, 19.09, 19.17, 234.71, 237.67, 246.94, 256.49, 280.43, 297.13, 297.36, 307.28, 322.5, 325.35, 338.02, 341.89, 342.18, 343.57, 344.22, 356.63, 369.43, 418.11, 421.58, 424.61, 425.01, 436.36, 441.36, 443.95, 450.21, 451.08, 451.46, 472.07, 476.75, 482.75, 498.93, 500.55, 501.11, 502.1, 509.46, 516.87, 525.94, 531.85, 545.41, 546.64, 552.33, 564.17, 587.36, 614.49, 616.79, 628.17, 670.45
Epigenomics_L, 0.02, 0.13, 0.13, 0.15, 0.18, 0.2, 0.21, 0.22, 0.24, 0.24, 0.25, 0.26, 0.26, 0.27, 0.28, 0.3, 0.3, 0.33, 0.34, 0.35, 0.36, 0.38, 0.38, 0.4, 0.41, 0.41, 0.41, 0.42, 0.42, 0.42, 0.43, 0.43, 0.45, 0.46, 0.48, 0.5, 0.51, 0.53, 0.53, 0.55, 0.57, 0.57, 0.57, 0.6, 0.67, 0.69, 0.73, 0.74, 0.8, 0.82, 0.83, 0.84, 0.88, 0.94, 0.95, 0.96, 1.0, 1.02, 1.02, 1.06, 1.06, 1.08, 1.1, 1.23, 1.29, 1.37, 1.4, 1.41, 1.45, 1.9, 1.99, 2.36, 3.26, 10.92, 34.75, 6255.01, 10238.6, 11553.9, 13000.3, 13132.4, 13362.1, 13508.8, 13683.9, 14142.3, 14189.0, 14667.5, 15513.1, 15840.6, 16134.2, 16543.1, 17499.2, 18058.0, 18115.7, 19348.2, 19854.1, 19949.8, 20347.2, 21339.4, 23456.1, 23571.5
Sipht_L, 0.0, 0.0, 0.0, 0.0, 0.0, 0.0, 0.06, 0.07, 0.1, 0.83, 0.88, 0.92, 0.92, 0.95, 0.97, 0.98, 0.99, 1.03, 1.11, 1.12, 1.13, 1.14, 1.14, 1.16, 1.17, 1.17, 1.18, 1.2, 1.2, 1.2, 1.2, 1.22, 1.22, 1.23, 1.25, 1.26, 1.28, 1.29, 1.3, 1.3, 1.31, 1.32, 1.34, 1.34, 1.34, 1.37, 1.37, 1.38, 1.39, 1.41, 1.42, 1.44, 1.44, 1.47, 1.47, 1.48, 1.49, 1.49, 1.5, 1.51, 1.51, 1.56, 1.61, 1.61, 1.62, 1.64, 1.64, 1.65, 1.65, 1.65, 1.71, 1.72, 1.74, 1.77, 1.8, 1.87, 4.56, 4.76, 5.02, 5.1, 5.4, 6.42, 24.8, 30.51, 35.53, 37.9, 37.99, 76.72, 374.51, 386.09, 537.24, 883.87, 958.03, 1152.49, 1482.2, 1499.47, 1516.96, 1590.74, 1921.44, 2142.51
Montage_XXL, 2.52, 10.23, 10.29, 10.3, 10.35, 10.36, 10.36, 10.36, 10.36, 10.37, 10.37, 10.37, 10.37, 10.38, 10.38, 10.38, 10.38, 10.38, 10.4, 10.4, 10.4, 10.4, 10.4, 10.4, 10.41, 10.41, 10.41, 10.41, 10.41, 10.41, 10.41, 10.42, 10.42, 10.42, 10.42, 10.42, 10.42, 10.42, 10.42, 10.42, 10.42, 10.42, 10.42, 10.43, 10.43, 10.43, 10.43, 10.43, 10.43, 10.43, 10.43, 10.43, 10.43, 10.44, 10.44, 10.44, 10.44, 10.44, 10.44, 10.45, 10.45, 10.45, 10.45, 10.45, 10.45, 10.45, 10.45, 10.45, 10.45, 10.46, 10.46, 10.46, 10.46, 10.46, 10.46, 10.46, 10.46, 10.46, 10.46, 10.47, 10.47, 10.47, 10.47, 10.47, 10.47, 10.47, 10.47, 10.47, 10.47, 10.47, 10.47, 10.47, 10.47, 10.47, 10.48, 10.48, 10.48, 10.48, 10.48, 10.48, 10.48, 10.48, 10.48, 10.48, 10.48, 10.48, 10.48, 10.48, 10.48, 10.48, 10.48, 10.48, 10.48, 10.48, 10.48, 10.49, 10.49, 10.49, 10.49, 10.49, 10.49, 10.49, 10.49, 10.49, 10.49, 10.49, 10.49, 10.49, 10.5, 10.5, 10.5, 10.5, 10.5, 10.5, 10.5, 10.5, 10.5, 10.5, 10.5, 10.5, 10.5, 10.5, 10.5, 10.5, 10.5, 10.5, 10.5, 10.5, 10.5, 10.51, 10.51, 10.51, 10.51, 10.51, 10.51, 10.51, 10.51, 10.51, 10.51, 10.51, 10.51, 10.51, 10.51, 10.51, 10.51, 10.51, 10.51, 10.52, 10.52, 10.52, 10.52, 10.52, 10.52, 10.52, 10.52, 10.52, 10.52, 10.52, 10.52, 10.52, 10.52, 10.52, 10.52, 10.52, 10.52, 10.52, 10.52, 10.53, 10.53, 10.53, 10.53, 10.53, 10.53, 10.53, 10.53, 10.53, 10.53, 10.53, 10.53, 10.53, 10.53, 10.53, 10.53, 10.53, 10.53, 10.53, 10.53, 10.53, 10.53, 10.53, 10.53, 10.53, 10.53, 10.53, 10.53, 10.54, 10.54, 10.54, 10.54, 10.54, 10.54, 10.54, 10.54, 10.54, 10.54, 10.54, 10.54, 10.54, 10.54, 10.54, 10.54, 10.54, 10.54, 10.54, 10.54, 10.54, 10.54, 10.54, 10.54, 10.54, 10.55, 10.55, 10.55, 10.55, 10.55, 10.55, 10.55, 10.55, 10.55, 10.55, 10.55, 10.55, 10.55, 10.55, 10.55, 10.55, 10.55, 10.55, 10.55, 10.55, 10.55, 10.55, 10.55, 10.55, 10.55, 10.55, 10.55, 10.55, 10.55, 10.55, 10.55, 10.56, 10.56, 10.56, 10.56, 10.56, 10.56, 10.56, 10.56, 10.56, 10.56, 10.56, 10.56, 10.56, 10.56, 10.56, 10.56, 10.56, 10.56, 10.56, 10.56, 10.56, 10.56, 10.56, 10.56, 10.56, 10.57, 10.57, 10.57, 10.57, 10.57, 10.57, 10.57, 10.57, 10.57, 10.57, 10.57, 10.57, 10.57, 10.57, 10.57, 10.57, 10.57, 10.57, 10.57, 10.57, 10.57, 10.57, 10.57, 10.57, 10.57, 10.57, 10.57, 10.58, 10.58, 10.58, 10.58, 10.58, 10.58, 10.58, 10.58, 10.58, 10.58, 10.58, 10.58, 10.58, 10.58, 10.58, 10.58, 10.58, 10.58, 10.58, 10.58, 10.58, 10.58, 10.59, 10.59, 10.59, 10.59, 10.59, 10.59, 10.59, 10.59, 10.59, 10.59, 10.59, 10.59, 10.59, 10.59, 10.59, 10.59, 10.59, 10.59, 10.59, 10.59, 10.59, 10.59, 10.59, 10.59, 10.59, 10.59, 10.59, 10.59, 10.59, 10.59, 10.59, 10.59, 10.6, 10.6, 10.6, 10.6, 10.6, 10.6, 10.6, 10.6, 10.6, 10.6, 10.6, 10.6, 10.6, 10.6, 10.6, 10.6, 10.6, 10.6, 10.6, 10.6, 10.6, 10.6, 10.6, 10.6, 10.6, 10.6, 10.6, 10.6, 10.6, 10.6, 10.6, 10.6, 10.6, 10.6, 10.6, 10.6, 10.61, 10.61, 10.61, 10.61, 10.61, 10.61, 10.61, 10.61, 10.61, 10.61, 10.61, 10.61, 10.61, 10.61, 10.61, 10.61, 10.61, 10.61, 10.61, 10.61, 10.61, 10.61, 10.61, 10.61, 10.61, 10.61, 10.61, 10.61, 10.61, 10.62, 10.62, 10.62, 10.62, 10.62, 10.62, 10.62, 10.62, 10.62, 10.62, 10.62, 10.62, 10.62, 10.62, 10.62, 10.62, 10.62, 10.62, 10.62, 10.62, 10.62, 10.62, 10.62, 10.62, 10.62, 10.62, 10.62, 10.62, 10.62, 10.62, 10.62, 10.62, 10.62, 10.62, 10.62, 10.62, 10.62, 10.62, 10.62, 10.62, 10.62, 10.62, 10.62, 10.62, 10.62, 10.63, 10.63, 10.63, 10.63, 10.63, 10.63, 10.63, 10.63, 10.63, 10.63, 10.63, 10.63, 10.63, 10.63, 10.63, 10.63, 10.63, 10.63, 10.64, 10.64, 10.64, 10.64, 10.64, 10.64, 10.64, 10.64, 10.64, 10.64, 10.64, 10.64, 10.64, 10.64, 10.64, 10.64, 10.64, 10.64, 10.64, 10.64, 10.64, 10.64, 10.64, 10.64, 10.64, 10.64, 10.64, 10.65, 10.65, 10.65, 10.65, 10.65, 10.65, 10.65, 10.65, 10.66, 10.66, 10.66, 10.66, 10.66, 10.66, 10.66, 10.66, 10.66, 10.66, 10.66, 10.66, 10.66, 10.66, 10.66, 10.66, 10.66, 10.66, 10.66, 10.66, 10.66, 10.66, 10.66, 10.67, 10.67, 10.67, 10.67, 10.67, 10.67, 10.67, 10.67, 10.67, 10.67, 10.67, 10.67, 10.67, 10.67, 10.67, 10.67, 10.67, 10.67, 10.67, 10.67, 10.67, 10.67, 10.67, 10.67, 10.67, 10.67, 10.67, 10.67, 10.68, 10.68, 10.68, 10.68, 10.68, 10.68, 10.68, 10.68, 10.68, 10.68, 10.68, 10.68, 10.68, 10.68, 10.68, 10.68, 10.68, 10.68, 10.68, 10.68, 10.69, 10.69, 10.69, 10.69, 10.69, 10.69, 10.69, 10.69, 10.69, 10.69, 10.69, 10.69, 10.69, 10.69, 10.69, 10.69, 10.69, 10.69, 10.69, 10.7, 10.7, 10.7, 10.7, 10.7, 10.7, 10.7, 10.7, 10.7, 10.7, 10.7, 10.7, 10.7, 10.7, 10.7, 10.71, 10.71, 10.71, 10.71, 10.71, 10.71, 10.71, 10.71, 10.71, 10.71, 10.71, 10.71, 10.71, 10.71, 10.71, 10.71, 10.71, 10.71, 10.71, 10.71, 10.71, 10.72, 10.72, 10.72, 10.72, 10.72, 10.72, 10.72, 10.72, 10.72, 10.72, 10.72, 10.72, 10.72, 10.73, 10.73, 10.73, 10.73, 10.73, 10.73, 10.73, 10.73, 10.73, 10.73, 10.73, 10.73, 10.73, 10.73, 10.73, 10.73, 10.73, 10.73, 10.74, 10.74, 10.74, 10.74, 10.74, 10.74, 10.74, 10.74, 10.74, 10.74, 10.75, 10.75, 10.75, 10.75, 10.75, 10.75, 10.75, 10.75, 10.75, 10.75, 10.75, 10.75, 10.75, 10.76, 10.76, 10.76, 10.76, 10.76, 10.76, 10.76, 10.76, 10.76, 10.77, 10.77, 10.77, 10.77, 10.77, 10.77, 10.77, 10.77, 10.77, 10.78, 10.78, 10.78, 10.78, 10.78, 10.79, 10.79, 10.79, 10.79, 10.8, 10.8, 10.8, 10.8, 10.8, 10.8, 10.8, 10.8, 10.8, 10.8, 10.8, 10.81, 10.81, 10.81, 10.82, 10.82, 10.82, 10.82, 10.82, 10.82, 10.82, 10.82, 10.82, 10.83, 10.83, 10.83, 10.83, 10.83, 10.84, 10.84, 10.84, 10.84, 10.85, 10.85, 10.85, 10.86, 10.86, 10.86, 10.87, 10.87, 10.87, 10.88, 10.88, 10.89, 10.89, 10.89, 10.89, 10.89, 10.89, 10.89, 10.9, 10.9, 10.9, 10.9, 10.9, 10.9, 10.9, 10.9, 10.92, 10.92, 10.93, 10.93, 10.93, 10.94, 10.95, 10.95, 10.96, 10.97, 10.97, 10.97, 10.97, 10.98, 10.98, 10.98, 11.0, 11.03, 11.05, 11.05, 11.12, 11.12, 11.12, 11.21, 13.05, 13.08, 13.09, 13.14, 13.14, 13.14, 13.16, 13.17, 13.17, 13.18, 13.18, 13.18, 13.18, 13.19, 13.2, 13.22, 13.22, 13.23, 13.25, 13.27, 13.27, 13.29, 13.3, 13.31, 13.31, 13.31, 13.33, 13.34, 13.35, 13.36, 13.36, 13.37, 13.37, 13.37, 13.38, 13.41, 13.41, 13.42, 13.42, 13.42, 13.43, 13.44, 13.44, 13.45, 13.45, 13.46, 13.46, 13.46, 13.46, 13.46, 13.46, 13.46, 13.47, 13.47, 13.48, 13.48, 13.48, 13.48, 13.48, 13.48, 13.49, 13.49, 13.49, 13.49, 13.5, 13.5, 13.5, 13.51, 13.51, 13.52, 13.52, 13.52, 13.52, 13.52, 13.53, 13.53, 13.53, 13.55, 13.55, 13.55, 13.56, 13.56, 13.56, 13.57, 13.58, 13.58, 13.59, 13.59, 13.59, 13.59, 13.6, 13.61, 13.61, 13.61, 13.62, 13.62, 13.63, 13.63, 13.64, 13.64, 13.64, 13.64, 13.65, 13.65, 13.66, 13.67, 13.68, 13.68, 13.68, 13.68, 13.69, 13.69, 13.69, 13.69, 13.7, 13.71, 13.71, 13.72, 13.73, 13.73, 13.73, 13.74, 13.74, 13.75, 13.75, 13.75, 13.76, 13.76, 13.76, 13.76, 13.76, 13.76, 13.78, 13.78, 13.78, 13.79, 13.8, 13.8, 13.81, 13.81, 13.81, 13.81, 13.82, 13.82, 13.83, 13.83, 13.83, 13.84, 13.84, 13.85, 13.86, 13.87, 13.88, 13.92, 13.92, 13.92, 13.95, 13.95, 13.97, 14.0, 14.03, 14.08, 14.12, 14.16, 14.22, 14.23, 22.25, 52.96, 65.91, 89.12, 99.53
CyberShake_XXL, 0.55, 0.55, 0.55, 0.55, 0.56, 0.56, 0.56, 0.56, 0.57, 0.57, 0.57, 0.58, 0.58, 0.58, 0.58, 0.58, 0.58, 0.58, 0.58, 0.59, 0.59, 0.59, 0.6, 0.6, 0.6, 0.6, 0.6, 0.61, 0.61, 0.61, 0.61, 0.61, 0.61, 0.62, 0.62, 0.62, 0.62, 0.62, 0.63, 0.63, 0.64, 0.64, 0.64, 0.64, 0.64, 0.64, 0.64, 0.64, 0.65, 0.66, 0.66, 0.66, 0.66, 0.66, 0.66, 0.66, 0.66, 0.66, 0.67, 0.67, 0.67, 0.68, 0.68, 0.68, 0.69, 0.69, 0.69, 0.69, 0.69, 0.69, 0.7, 0.7, 0.71, 0.71, 0.71, 0.71, 0.72, 0.72, 0.73, 0.73, 0.73, 0.74, 0.74, 0.74, 0.74, 0.74, 0.74, 0.75, 0.75, 0.75, 0.75, 0.75, 0.75, 0.76, 0.76, 0.76, 0.76, 0.76, 0.76, 0.77, 0.77, 0.77, 0.77, 0.77, 0.79, 0.79, 0.79, 0.79, 0.79, 0.8, 0.8, 0.8, 0.8, 0.81, 0.81, 0.81, 0.81, 0.81, 0.81, 0.81, 0.82, 0.82, 0.82, 0.82, 0.82, 0.82, 0.82, 0.82, 0.82, 0.82, 0.83, 0.84, 0.84, 0.84, 0.84, 0.84, 0.85, 0.85, 0.85, 0.85, 0.85, 0.85, 0.86, 0.86, 0.86, 0.86, 0.86, 0.86, 0.87, 0.87, 0.87, 0.87, 0.87, 0.88, 0.88, 0.88, 0.88, 0.9, 0.9, 0.9, 0.9, 0.9, 0.9, 0.9, 0.91, 0.91, 0.91, 0.91, 0.91, 0.91, 0.91, 0.92, 0.93, 0.94, 0.94, 0.94, 0.94, 0.94, 0.94, 0.95, 0.95, 0.95, 0.95, 0.96, 0.96, 0.96, 0.96, 0.96, 0.96, 0.96, 0.97, 0.97, 0.97, 0.97, 0.98, 0.98, 0.98, 0.98, 0.98, 0.99, 0.99, 0.99, 1.0, 1.0, 1.0, 1.0, 1.01, 1.01, 1.01, 1.01, 1.01, 1.01, 1.01, 1.01, 1.01, 1.01, 1.02, 1.02, 1.02, 1.03, 1.03, 1.04, 1.04, 1.04, 1.04, 1.04, 1.04, 1.05, 1.05, 1.05, 1.06, 1.06, 1.06, 1.06, 1.06, 1.06, 1.07, 1.07, 1.07, 1.07, 1.07, 1.07, 1.07, 1.07, 1.08, 1.08, 1.08, 1.08, 1.08, 1.08, 1.09, 1.09, 1.09, 1.09, 1.09, 1.09, 1.1, 1.1, 1.1, 1.1, 1.1, 1.1, 1.1, 1.1, 1.11, 1.12, 1.12, 1.12, 1.12, 1.12, 1.13, 1.13, 1.13, 1.13, 1.13, 1.13, 1.13, 1.14, 1.14, 1.14, 1.14, 1.15, 1.15, 1.15, 1.15, 1.15, 1.16, 1.16, 1.16, 1.16, 1.16, 1.16, 1.16, 1.16, 1.17, 1.17, 1.17, 1.18, 1.18, 1.18, 1.19, 1.19, 1.19, 1.19, 1.19, 1.2, 1.2, 1.2, 1.2, 1.2, 1.2, 1.2, 1.2, 1.21, 1.21, 1.21, 1.22, 1.22, 1.22, 1.23, 1.23, 1.23, 1.24, 1.25, 1.25, 1.25, 1.25, 1.25, 1.26, 1.26, 1.26, 1.26, 1.26, 1.27, 1.27, 1.27, 1.27, 1.27, 1.27, 1.27, 1.28, 1.28, 1.28, 1.29, 1.3, 1.3, 1.3, 1.3, 1.3, 1.3, 1.3, 1.3, 1.3, 1.31, 1.31, 1.31, 1.31, 1.31, 1.31, 1.32, 1.32, 1.33, 1.33, 1.33, 1.33, 1.33, 1.33, 1.35, 1.35, 1.35, 1.35, 1.35, 1.35, 1.35, 1.35, 1.36, 1.36, 1.36, 1.36, 1.36, 1.36, 1.37, 1.37, 1.37, 1.37, 1.38, 1.38, 1.38, 1.39, 1.39, 1.39, 1.39, 1.39, 1.39, 1.39, 1.39, 1.4, 1.4, 1.4, 1.4, 1.41, 1.42, 1.42, 1.42, 1.42, 1.42, 1.42, 1.43, 1.43, 1.43, 1.43, 1.43, 1.43, 1.43, 1.44, 1.44, 1.44, 1.44, 1.44, 1.45, 1.45, 1.45, 1.46, 1.46, 1.46, 1.47, 1.47, 1.47, 1.47, 1.47, 1.47, 1.48, 1.48, 1.48, 1.48, 1.49, 1.49, 1.49, 1.51, 1.51, 1.51, 1.51, 1.51, 1.52, 1.52, 1.52, 1.52, 1.52, 1.52, 1.52, 1.52, 1.52, 1.53, 1.53, 1.53, 1.53, 1.53, 1.53, 1.53, 1.54, 1.54, 1.54, 1.54, 1.54, 1.54, 1.54, 1.55, 1.56, 1.56, 1.56, 1.56, 1.56, 1.57, 1.57, 1.58, 1.58, 1.58, 1.58, 1.58, 1.58, 1.59, 1.59, 1.6, 1.6, 1.6, 1.6, 1.6, 1.6, 1.61, 1.62, 1.62, 1.62, 1.63, 1.63, 1.63, 1.63, 1.63, 3.81, 9.38, 21.76, 21.87, 21.9, 21.96, 21.97, 22.15, 22.27, 22.39, 22.45, 22.46, 22.54, 22.58, 22.67, 22.67, 22.94, 23.13, 23.14, 23.25, 23.35, 23.44, 23.51, 23.7, 23.82, 23.92, 23.94, 24.14, 24.21, 24.23, 24.34, 24.49, 24.5, 24.5, 24.67, 24.76, 25.04, 25.36, 25.37, 25.37, 25.38, 25.44, 25.44, 25.5, 25.51, 25.62, 25.69, 25.72, 25.76, 25.9, 25.92, 26.19, 26.33, 26.36, 26.46, 26.47, 26.48, 26.52, 26.76, 26.79, 26.83, 26.99, 27.23, 27.72, 28.0, 28.13, 28.15, 28.22, 28.28, 28.45, 28.54, 28.67, 28.69, 28.78, 28.83, 28.86, 28.98, 29.21, 29.37, 29.44, 29.65, 29.74, 30.0, 30.04, 30.12, 30.13, 30.15, 30.21, 30.4, 30.42, 30.43, 30.44, 30.46, 30.49, 30.55, 30.58, 30.94, 30.95, 30.97, 30.99, 31.03, 31.22, 31.26, 31.42, 31.47, 31.5, 31.51, 31.6, 31.78, 31.78, 32.02, 32.04, 32.06, 32.09, 32.19, 32.24, 32.27, 32.28, 32.34, 32.41, 32.55, 32.64, 32.68, 32.73, 32.92, 33.13, 33.15, 33.33, 33.36, 33.44, 33.57, 33.6, 33.65, 33.73, 33.74, 33.74, 34.09, 34.17, 34.35, 34.36, 34.55, 34.56, 34.61, 34.84, 34.85, 34.89, 35.05, 35.14, 35.18, 35.23, 35.4, 35.67, 35.75, 35.79, 35.86, 35.94, 35.95, 36.05, 36.1, 36.11, 36.18, 36.23, 36.32, 36.4, 36.44, 36.45, 36.59, 36.62, 36.65, 36.65, 36.74, 36.82, 36.92, 37.1, 37.46, 37.47, 37.5, 37.5, 37.56, 37.61, 37.63, 37.65, 37.71, 38.13, 38.14, 38.22, 38.29, 38.32, 38.4, 38.52, 38.67, 38.74, 38.76, 39.11, 39.13, 39.15, 39.34, 39.45, 39.62, 39.95, 40.02, 40.09, 40.17, 40.19, 40.19, 40.25, 40.32, 40.47, 40.48, 40.7, 40.72, 40.75, 40.76, 41.1, 41.13, 41.33, 41.35, 41.48, 41.67, 41.69, 41.71, 41.84, 41.84, 41.88, 41.89, 41.96, 41.97, 42.01, 42.06, 42.1, 42.32, 42.37, 42.42, 42.44, 42.93, 43.0, 43.13, 43.2, 43.21, 43.33, 43.36, 43.44, 43.47, 43.5, 43.54, 43.66, 43.7, 43.87, 43.9, 43.91, 43.95, 43.96, 44.09, 44.1, 44.12, 44.17, 44.3, 44.34, 44.36, 44.36, 44.38, 44.54, 44.6, 44.61, 44.76, 44.78, 44.81, 44.83, 44.91, 44.98, 45.04, 45.06, 45.09, 45.2, 45.26, 45.43, 45.48, 45.55, 45.59, 45.81, 45.99, 46.05, 46.16, 46.17, 46.19, 46.3, 46.41, 46.45, 46.47, 46.49, 46.52, 46.55, 46.61, 46.72, 46.8, 46.86, 46.94, 46.97, 47.03, 47.47, 47.47, 47.51, 47.52, 47.54, 47.54, 47.54, 47.57, 47.6, 47.61, 47.71, 47.73, 47.91, 48.34, 48.42, 48.51, 48.65, 48.9, 48.91, 48.93, 48.99, 49.11, 49.17, 49.36, 49.38, 49.42, 49.46, 49.6, 49.64, 49.75, 50.03, 50.14, 50.15, 50.3, 50.41, 50.5, 50.55, 50.58, 50.6, 50.64, 50.71, 50.72, 50.87, 50.96, 51.09, 51.1, 51.34, 51.42, 51.46, 51.47, 51.76, 51.76, 51.83, 51.83, 51.97, 52.02, 52.04, 52.05, 52.25, 52.32, 52.75, 52.82, 52.86, 52.86, 52.86, 53.25, 53.39, 53.39, 53.44, 53.49, 53.62, 53.83, 53.88, 54.09, 54.14, 54.14, 54.19, 54.29, 54.38, 54.67, 54.72, 54.72, 54.76, 54.86, 54.89, 54.89, 55.09, 55.16, 55.27, 55.44, 55.44, 55.54, 55.59, 55.64, 55.67, 55.7, 55.78, 55.83, 55.88, 55.97, 56.03, 56.08, 56.16, 56.16, 56.18, 56.19, 56.35, 56.4, 56.55, 56.91, 57.5, 57.69, 57.73, 57.95, 58.01, 58.15, 58.19, 58.48, 58.53, 58.54, 58.55, 58.68, 58.76, 58.78, 58.89, 58.97, 59.14, 59.19, 59.28, 59.44, 59.61, 59.63, 59.65, 59.79, 59.88, 60.04, 60.07, 60.07, 60.38, 60.39, 60.45, 60.48, 60.52, 60.53, 60.67, 60.68, 60.77, 60.87, 60.87, 61.18, 61.21, 61.32, 61.37, 61.45, 61.55, 61.6, 61.6, 61.67, 61.69, 61.77, 61.96, 61.98, 62.0, 62.02, 62.2, 62.34, 62.39, 62.39, 62.5, 62.61, 62.8, 62.84, 62.91, 63.04, 63.13, 63.22, 63.26, 63.34, 63.35, 63.39, 63.44, 63.56, 63.56, 63.74, 63.75, 63.82, 63.86, 64.02, 64.08, 64.09, 64.14, 64.33, 64.4, 64.75, 64.78, 64.79, 64.92, 64.95, 65.01, 65.08, 99.15, 107.08, 117.58, 180.67
Inspiral_XXL, 4.23, 4.25, 4.28, 4.36, 4.41, 4.42, 4.48, 4.51, 4.52, 4.54, 4.55, 4.55, 4.56, 4.56, 4.58, 4.6, 4.62, 4.63, 4.64, 4.64, 4.64, 4.65, 4.65, 4.68, 4.69, 4.69, 4.69, 4.7, 4.71, 4.71, 4.72, 4.72, 4.73, 4.74, 4.74, 4.75, 4.77, 4.77, 4.77, 4.78, 4.78, 4.79, 4.79, 4.79, 4.82, 4.82, 4.82, 4.85, 4.85, 4.86, 4.86, 4.86, 4.87, 4.87, 4.88, 4.88, 4.88, 4.89, 4.89, 4.9, 4.9, 4.9, 4.9, 4.91, 4.91, 4.91, 4.92, 4.92, 4.93, 4.93, 4.94, 4.94, 4.94, 4.94, 4.94, 4.95, 4.95, 4.96, 4.97, 4.97, 4.97, 4.97, 4.98, 4.98, 4.99, 4.99, 5.0, 5.0, 5.01, 5.01, 5.01, 5.02, 5.02, 5.02, 5.02, 5.02, 5.02, 5.02, 5.04, 5.06, 5.06, 5.07, 5.07, 5.07, 5.08, 5.08, 5.08, 5.09, 5.09, 5.1, 5.1, 5.1, 5.1, 5.1, 5.11, 5.11, 5.11, 5.11, 5.11, 5.11, 5.12, 5.12, 5.12, 5.12, 5.12, 5.13, 5.13, 5.13, 5.13, 5.13, 5.14, 5.14, 5.14, 5.14, 5.14, 5.15, 5.15, 5.16, 5.16, 5.16, 5.16, 5.16, 5.16, 5.17, 5.17, 5.17, 5.18, 5.19, 5.19, 5.19, 5.19, 5.19, 5.2, 5.2, 5.2, 5.2, 5.21, 5.21, 5.21, 5.21, 5.21, 5.22, 5.22, 5.22, 5.22, 5.22, 5.23, 5.23, 5.23, 5.24, 5.25, 5.25, 5.25, 5.25, 5.25, 5.26, 5.26, 5.26, 5.26, 5.27, 5.27, 5.27, 5.27, 5.28, 5.28, 5.29, 5.29, 5.29, 5.29, 5.3, 5.3, 5.3, 5.31, 5.31, 5.31, 5.32, 5.32, 5.32, 5.32, 5.32, 5.33, 5.33, 5.33, 5.33, 5.34, 5.34, 5.34, 5.34, 5.34, 5.35, 5.36, 5.36, 5.36, 5.36, 5.36, 5.36, 5.37, 5.37, 5.37, 5.37, 5.37, 5.37, 5.38, 5.38, 5.38, 5.39, 5.39, 5.39, 5.39, 5.39, 5.4, 5.4, 5.4, 5.4, 5.41, 5.41, 5.43, 5.43, 5.44, 5.44, 5.44, 5.44, 5.44, 5.44, 5.45, 5.45, 5.45, 5.46, 5.46, 5.46, 5.46, 5.48, 5.48, 5.48, 5.49, 5.49, 5.5, 5.5, 5.51, 5.52, 5.52, 5.53, 5.53, 5.53, 5.55, 5.55, 5.55, 5.55, 5.56, 5.56, 5.57, 5.57, 5.58, 5.6, 5.61, 5.64, 5.64, 5.65, 5.67, 5.67, 5.67, 5.68, 5.72, 5.75, 5.76, 5.77, 5.77, 5.81, 5.89, 5.92, 6.32, 16.95, 16.95, 17.05, 17.11, 17.14, 17.16, 17.23, 17.28, 17.32, 17.36, 17.38, 17.41, 17.41, 17.42, 17.43, 17.44, 17.48, 17.5, 17.54, 17.54, 17.54, 17.58, 17.6, 17.61, 17.61, 17.61, 17.64, 17.66, 17.66, 17.66, 17.68, 17.7, 17.7, 17.71, 17.71, 17.72, 17.72, 17.74, 17.75, 17.76, 17.77, 17.77, 17.8, 17.8, 17.8, 17.8, 17.81, 17.81, 17.82, 17.82, 17.85, 17.86, 17.86, 17.86, 17.86, 17.87, 17.88, 17.89, 17.89, 17.9, 17.9, 17.9, 17.91, 17.91, 17.91, 17.92, 17.92, 17.92, 17.92, 17.93, 17.93, 17.93, 17.93, 17.94, 17.95, 17.96, 17.97, 17.97, 17.98, 17.99, 17.99, 17.99, 18.01, 18.01, 18.02, 18.03, 18.03, 18.04, 18.04, 18.05, 18.06, 18.06, 18.06, 18.06, 18.06, 18.07, 18.07, 18.07, 18.08, 18.08, 18.1, 18.1, 18.1, 18.11, 18.12, 18.12, 18.12, 18.12, 18.12, 18.13, 18.13, 18.13, 18.13, 18.14, 18.14, 18.14, 18.14, 18.14, 18.15, 18.16, 18.16, 18.17, 18.17, 18.17, 18.18, 18.2, 18.2, 18.2, 18.22, 18.22, 18.23, 18.23, 18.23, 18.23, 18.24, 18.24, 18.25, 18.25, 18.25, 18.25, 18.27, 18.27, 18.28, 18.28, 18.29, 18.29, 18.3, 18.3, 18.3, 18.3, 18.31, 18.32, 18.32, 18.32, 18.32, 18.33, 18.33, 18.33, 18.34, 18.35, 18.35, 18.35, 18.37, 18.37, 18.39, 18.39, 18.39, 18.4, 18.4, 18.4, 18.4, 18.42, 18.43, 18.43, 18.43, 18.43, 18.45, 18.45, 18.46, 18.46, 18.47, 18.48, 18.49, 18.5, 18.5, 18.5, 18.53, 18.55, 18.55, 18.56, 18.56, 18.57, 18.59, 18.6, 18.6, 18.61, 18.61, 18.61, 18.62, 18.62, 18.62, 18.63, 18.64, 18.64, 18.64, 18.64, 18.64, 18.65, 18.65, 18.66, 18.72, 18.72, 18.73, 18.74, 18.78, 18.78, 18.79, 18.84, 18.87, 18.89, 18.9, 18.91, 18.92, 18.95, 19.02, 19.07, 19.08, 19.15, 19.15, 231.07, 231.32, 231.74, 233.22, 233.69, 233.73, 234.7, 237.88, 239.94, 240.12, 240.36, 241.12, 241.44, 242.45, 242.84, 246.44, 249.5, 251.79, 252.86, 253.19, 253.21, 253.32, 256.97, 257.27, 261.66, 262.11, 262.39, 262.39, 262.54, 262.82, 262.89, 262.97, 263.14, 266.77, 271.02, 271.75, 272.41, 273.07, 273.07, 273.18, 274.51, 279.43, 280.05, 280.86, 282.78, 285.09, 287.24, 288.75, 288.97, 289.3, 292.68, 293.71, 294.03, 295.06, 295.61, 298.04, 298.61, 299.81, 299.95, 300.43, 300.77, 301.12, 301.7, 301.84, 301.98, 302.58, 303.02, 304.02, 305.2, 306.12, 307.72, 308.8, 310.4, 310.45, 311.72, 311.95, 315.3, 317.28, 318.59, 319.36, 319.53, 321.4, 321.87, 322.27, 322.6, 323.64, 324.7, 324.77, 325.41, 326.46, 329.22, 330.92, 331.15, 331.59, 331.77, 332.56, 332.84, 332.92, 333.41, 333.9, 334.17, 334.92, 334.96, 334.97, 335.64, 335.69, 337.1, 337.14, 337.37, 339.01, 339.34, 340.6, 341.78, 343.36, 344.22, 347.66, 348.27, 349.21, 350.1, 350.99, 351.22, 351.23, 355.4, 355.91, 355.93, 356.35, 357.29, 359.65, 360.95, 360.99, 362.08, 363.08, 363.82, 364.0, 364.37, 366.77, 367.12, 367.63, 368.51, 368.62, 368.84, 370.08, 370.83, 371.37, 372.07, 372.09, 372.57, 373.72, 374.36, 375.6, 375.98, 376.94, 377.36, 378.8, 381.01, 381.16, 381.57, 382.39, 384.66, 384.84, 387.17, 387.3, 387.68, 387.96, 389.72, 391.11, 392.78, 393.22, 393.26, 394.43, 395.19, 395.35, 395.42, 398.9, 401.17, 401.49, 404.66, 405.02, 407.07, 407.89, 408.08, 409.91, 410.17, 411.31, 413.01, 413.73, 414.0, 416.88, 417.25, 419.92, 420.23, 420.35, 421.1, 421.71, 422.03, 423.09, 425.21, 429.84, 431.99, 432.62, 433.59, 434.3, 434.46, 436.22, 436.66, 437.73, 442.05, 443.09, 443.13, 443.46, 444.3, 445.53, 446.18, 446.92, 448.08, 448.51, 448.55, 448.7, 451.26, 451.62, 452.15, 452.43, 453.21, 455.95, 456.91, 457.75, 458.72, 459.68, 459.73, 460.93, 461.36, 461.65, 461.68, 461.81, 461.86, 462.16, 462.16, 462.36, 463.03, 463.44, 467.7, 472.21, 472.82, 472.84, 472.9, 473.57, 474.93, 475.23, 475.92, 476.82, 477.16, 478.52, 478.67, 478.77, 479.56, 481.25, 481.61, 482.94, 483.77, 484.97, 486.32, 487.53, 487.89, 488.82, 489.32, 489.63, 489.92, 490.1, 490.3, 490.96, 492.55, 492.77, 493.25, 495.03, 496.4, 497.39, 498.83, 499.56, 499.56, 499.64, 500.12, 500.95, 501.08, 503.24, 503.29, 503.89, 503.92, 504.31, 504.67, 505.12, 506.07, 506.54, 506.85, 507.37, 508.46, 509.34, 511.72, 513.51, 513.54, 513.86, 514.28, 514.54, 514.98, 516.06, 517.89, 518.21, 518.87, 519.17, 520.88, 521.0, 522.0, 523.78, 523.94, 526.09, 526.12, 526.18, 528.16, 528.35, 531.56, 532.79, 533.92, 534.17, 535.5, 537.19, 538.29, 539.4, 540.52, 540.9, 541.66, 542.41, 544.29, 544.95, 545.11, 546.07, 546.57, 547.52, 547.84, 547.95, 549.58, 549.75, 550.38, 551.52, 555.29, 555.81, 556.24, 556.55, 557.68, 557.99, 559.9, 560.32, 560.37, 560.49, 561.18, 561.47, 562.38, 562.8, 563.82, 564.31, 564.43, 565.43, 566.24, 566.8, 567.83, 568.23, 568.62, 571.24, 571.56, 572.31, 576.01, 576.39, 576.59, 576.6, 577.61, 577.85, 578.69, 579.26, 579.46, 581.34, 582.34, 582.52, 584.24, 587.25, 587.88, 588.06, 589.24, 590.84, 590.99, 591.12, 593.06, 595.1, 596.96, 599.01, 599.45, 601.87, 602.56, 603.0, 603.59, 606.77, 608.35, 609.16, 610.13, 611.43, 613.28, 613.41, 613.61, 613.68, 614.03, 614.65, 614.96, 615.57, 615.87, 617.03, 618.03, 621.94, 622.54, 623.26, 623.5, 625.82, 626.23, 631.41, 633.43, 634.12, 634.32, 635.63, 636.51, 637.5, 639.81, 639.86, 640.29, 641.26, 641.75, 641.9, 644.53, 645.73, 646.91, 648.5, 649.97, 651.37, 651.44, 652.07, 652.45, 655.67, 658.14, 658.65, 660.2, 661.16, 662.32, 662.63, 663.25, 663.67, 664.71, 665.1, 665.49, 665.5, 665.6, 665.72, 665.83, 665.83, 667.7, 668.35, 673.44, 673.65, 675.74, 676.09, 676.98, 677.33, 677.84, 678.93, 679.61, 679.64, 680.2, 680.47, 680.5, 682.17, 684.22, 684.43, 688.47, 688.69, 689.55, 689.97
Epigenomics_XXL, 0.0, 0.0, 0.0, 0.0, 0.01, 0.01, 0.01, 0.01, 0.01, 0.02, 0.02, 0.02, 0.03, 0.03, 0.03, 0.03, 0.03, 0.03, 0.04, 0.04, 0.04, 0.04, 0.05, 0.05, 0.05, 0.05, 0.05, 0.06, 0.06, 0.06, 0.07, 0.07, 0.08, 0.08, 0.08, 0.08, 0.08, 0.08, 0.08, 0.08, 0.09, 0.1, 0.1, 0.1, 0.1, 0.1, 0.11, 0.11, 0.11, 0.11, 0.11, 0.11, 0.11, 0.11, 0.11, 0.11, 0.12, 0.12, 0.12, 0.12, 0.12, 0.12, 0.13, 0.13, 0.13, 0.13, 0.14, 0.14, 0.14, 0.15, 0.15, 0.16, 0.16, 0.16, 0.16, 0.16, 0.16, 0.17, 0.17, 0.17, 0.17, 0.18, 0.18, 0.18, 0.18, 0.18, 0.18, 0.18, 0.18, 0.18, 0.18, 0.18, 0.19, 0.19, 0.19, 0.19, 0.19, 0.19, 0.19, 0.19, 0.19, 0.2, 0.2, 0.2, 0.2, 0.2, 0.2, 0.2, 0.2, 0.2, 0.2, 0.21, 0.21, 0.21, 0.21, 0.21, 0.21, 0.21, 0.21, 0.21, 0.21, 0.22, 0.22, 0.22, 0.22, 0.22, 0.23, 0.23, 0.24, 0.24, 0.24, 0.24, 0.24, 0.24, 0.24, 0.25, 0.25, 0.25, 0.25, 0.25, 0.25, 0.25, 0.25, 0.26, 0.27, 0.27, 0.27, 0.27, 0.27, 0.27, 0.27, 0.27, 0.27, 0.27, 0.27, 0.28, 0.28, 0.28, 0.28, 0.29, 0.29, 0.29, 0.29, 0.29, 0.29, 0.29, 0.29, 0.29, 0.29, 0.29, 0.29, 0.29, 0.29, 0.29, 0.29, 0.29, 0.3, 0.3, 0.3, 0.3, 0.3, 0.3, 0.3, 0.3, 0.31, 0.31, 0.31, 0.31, 0.31, 0.31, 0.31, 0.31, 0.31, 0.31, 0.32, 0.32, 0.32, 0.32, 0.32, 0.32, 0.32, 0.33, 0.33, 0.33, 0.33, 0.33, 0.33, 0.33, 0.33, 0.33, 0.33, 0.34, 0.34, 0.34, 0.34, 0.35, 0.35, 0.35, 0.35, 0.35, 0.36, 0.36, 0.36, 0.37, 0.37, 0.37, 0.37, 0.37, 0.38, 0.38, 0.38, 0.38, 0.38, 0.38, 0.38, 0.38, 0.38, 0.39, 0.39, 0.39, 0.39, 0.39, 0.39, 0.39, 0.39, 0.39, 0.39, 0.39, 0.39, 0.4, 0.4, 0.4, 0.4, 0.4, 0.4, 0.41, 0.41, 0.41, 0.41, 0.41, 0.42, 0.42, 0.42, 0.42, 0.42, 0.42, 0.43, 0.43, 0.43, 0.43, 0.43, 0.44, 0.44, 0.44, 0.44, 0.44, 0.44, 0.44, 0.44, 0.44, 0.44, 0.45, 0.45, 0.45, 0.45, 0.45, 0.46, 0.46, 0.46, 0.47, 0.47, 0.47, 0.47, 0.47, 0.47, 0.47, 0.48, 0.48, 0.48, 0.48, 0.48, 0.48, 0.48, 0.48, 0.49, 0.49, 0.49, 0.49, 0.49, 0.49, 0.49, 0.5, 0.5, 0.5, 0.5, 0.5, 0.5, 0.51, 0.51, 0.51, 0.51, 0.51, 0.52, 0.52, 0.53, 0.53, 0.53, 0.53, 0.53, 0.53, 0.53, 0.53, 0.53, 0.54, 0.54, 0.54, 0.54, 0.54, 0.54, 0.55, 0.55, 0.55, 0.55, 0.55, 0.55, 0.55, 0.55, 0.56, 0.56, 0.56, 0.56, 0.56, 0.56, 0.56, 0.56, 0.56, 0.56, 0.57, 0.57, 0.57, 0.57, 0.58, 0.58, 0.58, 0.58, 0.58, 0.58, 0.59, 0.59, 0.59, 0.59, 0.59, 0.59, 0.6, 0.6, 0.6, 0.6, 0.61, 0.61, 0.61, 0.61, 0.61, 0.61, 0.61, 0.61, 0.62, 0.62, 0.62, 0.62, 0.62, 0.63, 0.63, 0.63, 0.63, 0.63, 0.64, 0.64, 0.64, 0.64, 0.64, 0.65, 0.65, 0.65, 0.65, 0.65, 0.65, 0.66, 0.66, 0.66, 0.66, 0.67, 0.67, 0.67, 0.67, 0.67, 0.67, 0.67, 0.68, 0.68, 0.68, 0.68, 0.68, 0.68, 0.69, 0.69, 0.69, 0.69, 0.7, 0.7, 0.71, 0.71, 0.71, 0.71, 0.71, 0.72, 0.72, 0.72, 0.72, 0.72, 0.73, 0.73, 0.73, 0.73, 0.73, 0.73, 0.74, 0.74, 0.74, 0.74, 0.75, 0.75, 0.75, 0.75, 0.75, 0.75, 0.75, 0.76, 0.77, 0.78, 0.78, 0.78, 0.78, 0.79, 0.79, 0.79, 0.8, 0.81, 0.82, 0.82, 0.82, 0.83, 0.83, 0.83, 0.84, 0.84, 0.84, 0.84, 0.85, 0.86, 0.86, 0.86, 0.86, 0.87, 0.87, 0.87, 0.88, 0.88, 0.88, 0.89, 0.89, 0.89, 0.89, 0.9, 0.9, 0.9, 0.9, 0.92, 0.93, 0.93, 0.93, 0.93, 0.94, 0.95, 0.95, 0.96, 0.97, 0.97, 0.98, 0.98, 0.98, 0.98, 0.98, 0.99, 0.99, 0.99, 1.0, 1.0, 1.0, 1.0, 1.02, 1.02, 1.03, 1.03, 1.03, 1.03, 1.03, 1.03, 1.04, 1.05, 1.05, 1.06, 1.06, 1.06, 1.06, 1.07, 1.07, 1.07, 1.07, 1.07, 1.08, 1.08, 1.08, 1.09, 1.09, 1.1, 1.11, 1.11, 1.11, 1.12, 1.12, 1.12, 1.13, 1.13, 1.14, 1.14, 1.14, 1.14, 1.14, 1.15, 1.16, 1.16, 1.16, 1.17, 1.18, 1.18, 1.19, 1.21, 1.21, 1.22, 1.23, 1.23, 1.25, 1.25, 1.25, 1.25, 1.25, 1.26, 1.27, 1.28, 1.28, 1.29, 1.29, 1.3, 1.31, 1.31, 1.31, 1.31, 1.32, 1.32, 1.33, 1.33, 1.34, 1.35, 1.35, 1.36, 1.36, 1.36, 1.36, 1.37, 1.38, 1.38, 1.39, 1.39, 1.4, 1.4, 1.41, 1.41, 1.42, 1.44, 1.44, 1.44, 1.45, 1.46, 1.46, 1.47, 1.47, 1.47, 1.49, 1.5, 1.52, 1.54, 1.54, 1.56, 1.56, 1.58, 1.58, 1.59, 1.59, 1.59, 1.61, 1.63, 1.63, 1.64, 1.66, 1.66, 1.67, 1.68, 1.7, 1.7, 1.71, 1.71, 1.73, 1.73, 1.73, 1.74, 1.76, 1.76, 1.77, 1.78, 1.79, 1.79, 1.8, 1.81, 1.85, 1.86, 1.86, 1.87, 1.87, 1.87, 1.88, 1.88, 1.88, 1.89, 1.9, 1.9, 1.92, 1.93, 1.94, 1.96, 1.99, 2.02, 2.02, 2.06, 2.07, 2.12, 2.13, 2.14, 2.16, 2.19, 2.19, 2.21, 2.29, 2.31, 2.31, 2.32, 2.33, 2.35, 2.38, 2.4, 2.44, 2.46, 2.46, 2.46, 2.49, 2.49, 2.52, 2.53, 2.59, 2.6, 2.62, 2.67, 2.69, 2.7, 2.7, 2.77, 2.8, 2.8, 2.83, 2.83, 2.88, 2.9, 3.04, 3.05, 3.07, 3.07, 3.11, 3.11, 3.11, 3.17, 3.34, 3.36, 3.42, 3.88, 3.99, 4.04, 4.07, 4.07, 4.1, 4.24, 4.31, 4.35, 4.47, 4.76, 4.92, 5.03, 5.41, 9.75, 11.35, 17.8, 18.23, 20.58, 21.98, 22.11, 26.02, 32.78, 55.07, 56.92, 67.63, 70.96, 72.32, 160.67, 6034.5, 9607.1, 9806.89, 9814.63, 9907.92, 9915.45, 9989.36, 10252.0, 10256.5, 10297.6, 10375.7, 10402.8, 10512.0, 10564.6, 10628.5, 10643.0, 10646.2, 10700.2, 10720.1, 10803.3, 10830.1, 10883.3, 10952.4, 10957.8, 10989.5, 11081.4, 11092.4, 11120.7, 11138.7, 11154.8, 11236.9, 11292.6, 11316.2, 11477.3, 11524.3, 11623.0, 11656.9, 11669.5, 11710.6, 11753.9, 11772.3, 11780.4, 11951.9, 11977.3, 12005.8, 12022.6, 12041.2, 12112.8, 12139.2, 12156.2, 12172.0, 12217.6, 12230.8, 12245.1, 12265.7, 12296.3, 12304.5, 12320.2, 12409.3, 12477.0, 12549.7, 12574.0, 12730.4, 12754.2, 12767.8, 12807.5, 12808.9, 12816.4, 12866.6, 12916.9, 12951.7, 12956.0, 12959.8, 13028.9, 13054.3, 13091.8, 13102.9, 13115.3, 13126.4, 13227.9, 13266.6, 13323.9, 13441.6, 13442.5, 13467.1, 13473.0, 13509.5, 13527.8, 13602.8, 13639.2, 13639.8, 13644.0, 13647.2, 13674.6, 13676.0, 13720.1, 13741.9, 13778.0, 13790.9, 13825.8, 13838.0, 13865.2, 13920.2, 13962.7, 13988.4, 14048.6, 14054.3, 14082.1, 14114.6, 14130.4, 14207.2, 14225.3, 14377.7, 14470.3, 14543.0, 14582.3, 14617.5, 14619.6, 14620.7, 14635.3, 14667.7, 14804.6, 14887.3, 14888.5, 14900.1, 14917.5, 14996.7, 15064.0, 15170.4, 15201.3, 15281.7, 15282.2, 15404.8, 15426.5, 15432.1, 15468.7, 15479.1, 15488.3, 15500.8, 15521.9, 15561.1, 15594.0, 15613.6, 15630.0, 15662.7, 15665.5, 15742.0, 15781.2, 15851.6, 15878.5, 16083.1, 16112.6, 16126.0, 16241.0, 16428.1, 16431.4, 16435.7, 16438.1, 16453.2, 16492.6, 16511.2, 16537.0, 16629.9, 16702.8, 16732.9, 16742.1, 16780.7, 16896.1, 16953.0, 16954.4, 16999.5, 17063.1, 17220.6, 17342.2, 17396.4, 17438.0, 17469.9, 17543.8, 17572.7, 17714.2, 17722.0, 17855.3, 17863.4, 18009.0, 18143.4, 18157.5, 18338.5, 18354.9, 18489.8, 18535.2, 18563.1, 18613.0, 18638.0, 18697.3, 18837.1, 18931.5, 19056.5, 19072.9, 19134.8, 19136.0, 19398.0, 19401.7, 19450.5, 19642.1, 19651.7, 19674.3, 19790.4, 19826.6, 20366.9, 20391.6, 20641.6, 20649.5, 20674.9, 20892.7, 20963.0, 21013.0, 21221.4, 21387.3, 21396.6, 21470.9, 21473.0, 21542.9, 21913.3, 21916.3, 22029.4, 22196.1, 22269.4, 22315.0, 22720.4, 22891.8, 22953.7, 22995.1, 23469.4, 23472.1, 24287.0, 24554.2, 24608.1, 24935.6, 25473.7, 25622.4, 26069.8, 26141.8, 26944.9, 27093.3, 27406.2, 27775.4
Sipht_XXL, 0.0, 0.0, 0.0, 0.0, 0.0, 0.0, 0.0, 0.0, 0.0, 0.0, 0.0, 0.0, 0.0, 0.0, 0.0, 0.0, 0.0, 0.0, 0.0, 0.0, 0.0, 0.0, 0.0, 0.0, 0.0, 0.0, 0.0, 0.0, 0.0, 0.0, 0.0, 0.0, 0.0, 0.0, 0.0, 0.0, 0.0, 0.0, 0.0, 0.0, 0.0, 0.0, 0.0, 0.0, 0.0, 0.0, 0.0, 0.0, 0.0, 0.0, 0.0, 0.0, 0.0, 0.0, 0.0, 0.0, 0.0, 0.0, 0.0, 0.0, 0.0, 0.0, 0.0, 0.0, 0.04, 0.04, 0.04, 0.05, 0.06, 0.06, 0.06, 0.06, 0.06, 0.06, 0.06, 0.06, 0.07, 0.07, 0.07, 0.07, 0.07, 0.08, 0.08, 0.08, 0.08, 0.09, 0.1, 0.1, 0.1, 0.1, 0.1, 0.1, 0.11, 0.11, 0.11, 0.12, 0.65, 0.65, 0.68, 0.69, 0.69, 0.7, 0.7, 0.71, 0.72, 0.72, 0.72, 0.72, 0.73, 0.73, 0.74, 0.74, 0.74, 0.74, 0.75, 0.75, 0.75, 0.75, 0.76, 0.76, 0.76, 0.76, 0.76, 0.77, 0.77, 0.77, 0.77, 0.78, 0.78, 0.78, 0.78, 0.78, 0.79, 0.79, 0.8, 0.8, 0.81, 0.82, 0.82, 0.82, 0.82, 0.82, 0.83, 0.84, 0.84, 0.84, 0.85, 0.85, 0.85, 0.85, 0.86, 0.86, 0.86, 0.86, 0.86, 0.87, 0.87, 0.87, 0.88, 0.88, 0.88, 0.89, 0.89, 0.89, 0.89, 0.89, 0.89, 0.89, 0.89, 0.89, 0.9, 0.9, 0.9, 0.9, 0.9, 0.9, 0.91, 0.91, 0.91, 0.91, 0.91, 0.91, 0.92, 0.92, 0.92, 0.92, 0.93, 0.93, 0.94, 0.94, 0.94, 0.94, 0.95, 0.95, 0.95, 0.95, 0.95, 0.95, 0.95, 0.96, 0.96, 0.96, 0.97, 0.97, 0.97, 0.97, 0.97, 0.97, 0.97, 0.98, 0.99, 0.99, 0.99, 0.99, 0.99, 0.99, 1.0, 1.0, 1.0, 1.01, 1.01, 1.01, 1.01, 1.01, 1.02, 1.02, 1.02, 1.02, 1.02, 1.02, 1.03, 1.03, 1.04, 1.04, 1.05, 1.06, 1.06, 1.06, 1.06, 1.06, 1.06, 1.06, 1.06, 1.06, 1.06, 1.06, 1.06, 1.07, 1.07, 1.07, 1.07, 1.07, 1.07, 1.07, 1.08, 1.08, 1.08, 1.08, 1.08, 1.08, 1.09, 1.09, 1.09, 1.09, 1.09, 1.1, 1.1, 1.1, 1.1, 1.1, 1.1, 1.1, 1.1, 1.11, 1.11, 1.11, 1.12, 1.12, 1.12, 1.12, 1.12, 1.12, 1.13, 1.13, 1.13, 1.13, 1.13, 1.13, 1.13, 1.13, 1.13, 1.14, 1.14, 1.14, 1.14, 1.14, 1.14, 1.14, 1.15, 1.15, 1.15, 1.15, 1.15, 1.15, 1.15, 1.15, 1.16, 1.16, 1.16, 1.16, 1.16, 1.16, 1.17, 1.17, 1.17, 1.18, 1.18, 1.18, 1.18, 1.18, 1.18, 1.18, 1.18, 1.18, 1.19, 1.19, 1.19, 1.19, 1.19, 1.19, 1.19, 1.2, 1.2, 1.2, 1.2, 1.2, 1.2, 1.2, 1.21, 1.21, 1.21, 1.21, 1.21, 1.22, 1.22, 1.22, 1.22, 1.22, 1.23, 1.23, 1.23, 1.24, 1.24, 1.24, 1.24, 1.24, 1.24, 1.24, 1.24, 1.25, 1.25, 1.25, 1.25, 1.25, 1.25, 1.25, 1.26, 1.26, 1.26, 1.26, 1.26, 1.27, 1.27, 1.27, 1.27, 1.27, 1.27, 1.28, 1.28, 1.28, 1.28, 1.28, 1.29, 1.29, 1.29, 1.29, 1.29, 1.29, 1.29, 1.29, 1.29, 1.29, 1.3, 1.3, 1.3, 1.3, 1.3, 1.3, 1.3, 1.3, 1.3, 1.3, 1.3, 1.3, 1.31, 1.31, 1.31, 1.31, 1.31, 1.31, 1.31, 1.31, 1.31, 1.32, 1.32, 1.32, 1.33, 1.33, 1.33, 1.33, 1.33, 1.33, 1.33, 1.33, 1.33, 1.33, 1.34, 1.34, 1.34, 1.34, 1.35, 1.35, 1.35, 1.35, 1.35, 1.35, 1.35, 1.35, 1.35, 1.35, 1.35, 1.36, 1.36, 1.36, 1.36, 1.37, 1.37, 1.37, 1.37, 1.37, 1.38, 1.38, 1.38, 1.38, 1.38, 1.38, 1.38, 1.39, 1.39, 1.39, 1.39, 1.39, 1.39, 1.39, 1.39, 1.39, 1.39, 1.39, 1.39, 1.4, 1.4, 1.4, 1.4, 1.4, 1.4, 1.4, 1.4, 1.4, 1.4, 1.4, 1.4, 1.4, 1.4, 1.4, 1.4, 1.41, 1.41, 1.41, 1.41, 1.41, 1.41, 1.41, 1.41, 1.41, 1.42, 1.42, 1.42, 1.42, 1.42, 1.42, 1.42, 1.42, 1.42, 1.42, 1.42, 1.43, 1.43, 1.43, 1.43, 1.43, 1.43, 1.43, 1.43, 1.43, 1.44, 1.44, 1.44, 1.44, 1.44, 1.44, 1.44, 1.44, 1.44, 1.44, 1.44, 1.44, 1.44, 1.44, 1.44, 1.45, 1.45, 1.45, 1.45, 1.45, 1.45, 1.46, 1.46, 1.46, 1.46, 1.46, 1.46, 1.47, 1.47, 1.47, 1.47, 1.47, 1.47, 1.47, 1.47, 1.47, 1.47, 1.48, 1.48, 1.48, 1.48, 1.48, 1.48, 1.49, 1.49, 1.49, 1.49, 1.5, 1.5, 1.5, 1.5, 1.5, 1.51, 1.51, 1.51, 1.51, 1.51, 1.51, 1.51, 1.51, 1.52, 1.52, 1.52, 1.52, 1.52, 1.52, 1.52, 1.53, 1.53, 1.53, 1.53, 1.53, 1.53, 1.53, 1.53, 1.54, 1.54, 1.54, 1.54, 1.54, 1.54, 1.54, 1.54, 1.55, 1.55, 1.55, 1.55, 1.55, 1.55, 1.55, 1.56, 1.56, 1.56, 1.56, 1.56, 1.56, 1.56, 1.56, 1.56, 1.56, 1.56, 1.57, 1.57, 1.57, 1.58, 1.58, 1.58, 1.58, 1.59, 1.59, 1.59, 1.59, 1.59, 1.6, 1.6, 1.6, 1.6, 1.6, 1.61, 1.61, 1.61, 1.61, 1.61, 1.61, 1.62, 1.62, 1.62, 1.62, 1.63, 1.63, 1.63, 1.63, 1.63, 1.64, 1.64, 1.64, 1.64, 1.65, 1.65, 1.65, 1.66, 1.66, 1.66, 1.66, 1.66, 1.66, 1.66, 1.67, 1.67, 1.67, 1.67, 1.67, 1.67, 1.67, 1.68, 1.68, 1.68, 1.69, 1.7, 1.7, 1.7, 1.7, 1.7, 1.7, 1.7, 1.71, 1.71, 1.71, 1.72, 1.72, 1.72, 1.73, 1.73, 1.74, 1.74, 1.74, 1.74, 1.74, 1.74, 1.74, 1.74, 1.75, 1.75, 1.75, 1.75, 1.76, 1.76, 1.76, 1.76, 1.76, 1.77, 1.78, 1.78, 1.78, 1.78, 1.8, 1.8, 1.81, 1.81, 1.81, 1.81, 1.82, 1.82, 1.83, 1.83, 1.83, 1.84, 1.84, 1.85, 1.85, 1.86, 1.86, 1.86, 1.86, 1.87, 1.87, 1.87, 1.88, 1.88, 1.88, 1.89, 2.0, 2.01, 2.1, 2.1, 2.14, 2.19, 2.27, 2.33, 2.42, 2.63, 3.09, 3.45, 3.5, 3.59, 3.69, 3.73, 3.76, 3.89, 3.96, 4.06, 4.07, 4.08, 4.22, 4.24, 4.28, 4.34, 4.36, 4.42, 4.43, 4.51, 4.52, 4.57, 4.58, 4.64, 4.72, 4.75, 4.79, 4.82, 4.84, 4.85, 5.0, 5.05, 5.05, 5.06, 5.26, 5.27, 5.29, 5.33, 5.37, 5.44, 5.48, 5.64, 5.65, 5.76, 5.77, 5.8, 5.91, 5.94, 6.12, 6.17, 6.2, 6.28, 6.28, 6.32, 6.4, 6.46, 6.5, 6.65, 6.77, 6.82, 6.86, 7.18, 7.36, 19.62, 24.95, 25.38, 26.1, 27.54, 27.93, 29.68, 29.74, 29.79, 29.82, 30.23, 30.33, 31.55, 32.59, 32.7, 33.73, 34.21, 34.31, 34.39, 34.42, 34.59, 34.72, 34.89, 35.0, 35.49, 36.21, 38.34, 39.17, 39.39, 39.54, 39.64, 40.25, 40.44, 43.42, 44.11, 44.14, 44.65, 44.78, 44.82, 45.03, 45.84, 46.53, 47.34, 47.6, 48.61, 53.22, 53.61, 53.89, 57.31, 57.51, 59.86, 60.73, 62.15, 68.1, 68.44, 68.76, 69.49, 70.43, 72.01, 72.04, 73.87, 80.23, 81.48, 83.2, 185.14, 208.59, 216.51, 237.55, 240.81, 241.5, 247.55, 263.92, 285.32, 298.51, 318.86, 320.2, 346.13, 346.4, 356.36, 356.93, 376.24, 379.69, 389.41, 394.34, 402.81, 410.96, 411.08, 415.13, 416.44, 417.95, 441.33, 458.57, 466.93, 502.73, 515.92, 517.4, 687.0, 702.16, 712.89, 716.9, 718.07, 757.67, 761.87, 767.01, 818.87, 831.95, 925.97, 930.97, 991.46, 1067.73, 1256.65, 1266.22, 1277.84, 1280.39, 1302.66, 1309.35, 1309.47, 1311.75, 1314.01, 1325.01, 1352.73, 1361.84, 1367.83, 1380.22, 1385.31, 1401.31, 1401.6, 1401.65, 1403.94, 1406.35, 1412.6, 1418.75, 1428.32, 1438.06, 1451.97, 1454.88, 1455.81, 1456.9, 1460.54, 1468.73, 1471.03, 1471.12, 1475.16, 1477.02, 1478.26, 1488.46, 1491.66, 1516.93, 1535.62, 1535.8, 1537.29, 1537.95, 1539.0, 1581.34, 1589.05, 1613.23, 1638.08, 1691.34, 1748.74, 1855.89, 1872.42, 1905.24, 1937.68, 1952.09, 1997.77, 2006.14, 2012.47, 2090.98, 2229.21, 2246.81, 2344.27, 2356.96, 2383.63, 2404.24, 2472.56, 2512.66, 2545.72, 2589.79, 2609.79, 2674.86, 2733.98, 2755.0, 2791.55, 2807.0, 2828.83, 2839.06, 2878.08, 2979.79, 3248.17, 3252.91, 3332.97, 3380.34
